shuffle,batch_size,epochs,learning_rate,optimizer,activation_function,dropout,average_accuracy,average_precision,average_recall,average_f1
True,2048,50,0.001,Adam,relu,0.1,0.7729833333333334,0.7018830957437924,0.7729833333333334,0.7198072696288595
True,2048,50,0.001,Adam,relu,0.2,0.9937666666666667,0.9937713616294038,0.9937666666666667,0.9937674398311039
True,2048,50,0.001,Adam,relu,0.3,0.9930500000000001,0.9930558658952052,0.9930500000000001,0.9930498744881341
True,2048,50,0.001,Adam,relu,0.4,0.9924500000000002,0.9924557972217801,0.9924500000000002,0.9924489310718858
True,2048,50,0.001,Adam,relu,0.5,0.9909,0.9909172044970269,0.9909,0.9909005157007983
True,2048,50,0.001,Adam,relu,0.6,0.9903666666666666,0.990375047906415,0.9903666666666666,0.9903659765249234
True,2048,50,0.001,Adam,relu,0.7,0.98985,0.9898596767781607,0.98985,0.989851095999013
True,2048,50,0.001,Adam,relu,0.8,0.9255,0.8914958003817038,0.9255,0.9033298896177516
True,2048,50,0.001,Adam,relu,0.9,0.33071666666666666,0.2473600043334844,0.33071666666666666,0.25964323984037935
