shuffle,batch_size,epochs,learning_rate,optimizer,activation_function,dropout,average_accuracy,average_precision,average_recall,average_f1
True,2048,40,0.001,Adam,tanh,0.2,0.99755,0.9975547232653279,0.99755,0.9975496361714675
True,2048,40,0.001,SGD,tanh,0.2,0.75365,0.7794055080650304,0.75365,0.7401548247774962
True,2048,40,0.001,RMSprop,tanh,0.2,0.9963333333333333,0.9963361249596078,0.9963333333333333,0.9963328924271613
