shuffle,batch_size,epochs,learning_rate,optimizer,activation_function,dropout,average_accuracy,average_precision,average_recall,average_f1
True,2048,5,0.001,Adam,relu,0.0,0.8807499999999999,0.8232085731690709,0.8807499999999999,0.8452794346719444
True,2048,5,0.001,Adam,relu,0.1,0.9806166666666667,0.980701097177163,0.9806166666666667,0.980613631260617
True,2048,10,0.001,Adam,relu,0.0,0.8030166666666667,0.7302659445979686,0.8030166666666667,0.7516046163536186
True,2048,10,0.001,Adam,relu,0.1,0.8241499999999999,0.7587755459471923,0.8241499999999999,0.7790221966443395
